PROGRAM,SELLER ID,SELLER,DEBTOR ID,DEBTOR,INVOICE REF,GOODS SERVICES,TOTAL INVOICE AMOUNT,TOTAL NET VALUE,DISCOUNT PERCENTAGE,CURRENCY,ISSUE DATE,DUE DATE,MARGIN
,,Levante Textiles Ltd,US-325106106,Cyberdyne Textiles SARL,INV-2025-0001,Pièces détachées,71301.58,72204.13,1.25,CHF,2025-10-16,,
,GB758703571,"Levante Labs & Co, Ltd",DE538705214,Hooli Systems S.A.,INV-2023-0002,Gestión de residuos,5704.94,5251.96,,EUR,2025-05-06,2025-06-13,
,US-284983701,Initech Motors GmbH,GB586298645,Stark Textiles SARL,F-3/25,Maintenance contract,61096.7,51132.29,,EUR,2024-10-02,,
,DE758377433,Ribera Industries S.L.,GB449759898,Wayne Trading GmbH,F-4,Alquiler de equipo; Maintenance contract,70769.88,59987.18,2.5,EUR,2025-09-01,,
,FR30627318192,Initech Supplies S.A.,,Tyrell Textiles Ltd,FR-2024-005,,10102.12,9300,1.25,EUR,2024-05-14,,
,D97001611,"Núñez Foods & Co, Ltd",FR65494788326,Andaluza Trading GmbH,FR-2025-006,,1440,1600,10,CHF,2024-03-28,2024-06-01,
PRG-652,E64503204,Aperture Motors GmbH,FR51616086122,Ribera Labs SARL,INV00007,Consulting services Q1,93974.83,85431.66,,USD,2025-09-24,2025-11-26,1.45
PRG-652,E64503204,Aperture Motors GmbH,FR51616086122,Ribera Labs SARL,INV00008,Gestión de residuos,18467.34,19439.3,5,USD,2023-01-07,,1.7
PRG-652,E64503204,Aperture Motors GmbH,FR51616086122,Ribera Labs SARL,INV00009,Licencia de software anual,87432.29,73782.52,1.25,USD,2023-03-23,,
PRG-748,US-092926003,Lumière Industries GmbH,FR52223622331,Umbrella Industries GmbH,REF00010,Servicios de limpieza,20168.51,20168.51,,EUR,2025-09-04,2025-10-14,4.47
PRG-748,US-092926003,Lumière Industries GmbH,FR52223622331,Umbrella Industries GmbH,FAC00011,Servicios de limpieza,17221.91,15106.94,5,EUR,2024-01-05,2024-02-24,1.03
PRG-748,US-092926003,Lumière Industries GmbH,FR52223622331,Umbrella Industries GmbH,FAC00012,Cable HDMI 2 m,77916.87,72649.76,2.5,EUR,2023-10-07,2023-12-24,
PRG-748,US-092926003,Lumière Industries GmbH,FR52223622331,Umbrella Industries GmbH,FAC00013,Papel A4 80 g,2095.35,2095.35,,EUR,2025-08-08,2025-10-24,3.8
PRG-880,D09602808,Soylent Logistics S.L.,GB314348882,"Soylent Motors & Co, Ltd",REF00014,Pièces détachées,14908.46,14908.46,,GBP,,,1.09
PRG-880,D09602808,Soylent Logistics S.L.,GB314348882,"Soylent Motors & Co, Ltd",FAC00015,Pièces détachées,65079.57,66748.28,2.5,GBP,,,0.98
PRG-880,D09602808,Soylent Logistics S.L.,GB314348882,"Soylent Motors & Co, Ltd",FAC00016,Tornillos M8 (caja 100),39936.21,42038.12,5,GBP,,,
PRG-234,US-804294933,Cantábrica Systems S.A.,GB780993163,Umbrella Motors S.A.,REF00017,Toner cartridge,32674.53,34394.24,5,USD,,,
PRG-234,US-804294933,Cantábrica Systems S.A.,GB780993163,Umbrella Motors S.A.,INV00018,Cable HDMI 2 m,95475.39,89021.34,2.5,USD,,,3.75
PRG-234,US-804294933,Cantábrica Systems S.A.,GB780993163,Umbrella Motors S.A.,INV00019,Tornillos M8 (caja 100),86355.59,87227.87,10,USD,,,3.66
PRG-234,US-804294933,Cantábrica Systems S.A.,GB780993163,Umbrella Motors S.A.,INV00020,Consulting services Q1,57327.87,48377.95,1.25,USD,,,3.13
,,Globex Motors S.A.,H03905310,,INV00021,,89641.26,82523.6,1.25,CHF,2025-10-28,2026-01-26,3.19
,,Globex Motors S.A.,H03905310,,REF00022,,22747.34,23330.61,2.5,CHF,2023-11-25,,1.92
,,Globex Motors S.A.,H03905310,,INV00023,,74934.4,75882.94,1.25,CHF,2025-05-08,,0.63
,,Globex Motors S.A.,H03905310,,INV00024,,33952.33,35739.29,5,CHF,2024-11-09,2025-01-30,0.91
,,Globex Textiles Inc,DE052161076,,REF00025,,62445.13,54323.73,5,CHF,2025-06-12,2025-08-16,3.51
,,Globex Textiles Inc,DE052161076,,INV00026,,53172.32,59080.35,10,CHF,2023-03-03,2023-04-23,2.44
,,Globex Textiles Inc,DE052161076,,FAC00027,,30435.04,31215.43,2.5,CHF,2024-12-05,,
,,Globex Textiles Inc,DE052161076,,REF00028,,68106.09,62540.03,10,CHF,2023-04-23,,3.4
